Name,Email,Password
Josianne Glover,andres.gaylord@example.com,password
Miss Maci Streich I,ecorwin@example.com,password
Wilfredo Effertz,lkunze@example.com,password
Tara Bosco,eolson@example.org,password
Maia Stark,volkman.joel@example.com,password
Prof. Eliezer Koelpin,orin42@example.net,password
Trever Okuneva PhD,fausto52@example.org,password
Arden Reynolds,sgerhold@example.org,password
Jaron Schoen,abdiel.torphy@example.net,password
Anissa Mraz,abshire.crystel@example.net,password
Elmer Casper,izboncak@example.com,password
Geovanny McDermott,lonie59@example.net,password
Chance Rutherford,david97@example.net,password
Markus Schmidt I,roselyn25@example.com,password
Marcia Kris,twila.paucek@example.org,password
Hilda Runte,oleta34@example.com,password
Sincere Greenholt,lacey.nikolaus@example.net,password
Sedrick Leffler,wisozk.sherwood@example.org,password
Clemens Okuneva,kling.rosemary@example.net,password
Maia Tillman,hilpert.emie@example.com,password
